id,questionid,parsed_path
19269100,6701ca6bb773dec162bde23c,/mnt/seed20_bio/bio/datahub/corpus/HLE/HLE-papers/19269100.md
MA20190102211802450847,66ff063787bfb80443d02df6,/mnt/seed20_bio/bio/datahub/corpus/HLE/HLE-papers/MA20190102211802450847.md
72042926,671aa91f6a8e7c23ccbf902b,/mnt/seed20_bio/bio/datahub/corpus/HLE/HLE-papers/72042926.md
MA20200721082727551672,671cbba2784e3ba406eefb34,/mnt/seed20_bio/bio/datahub/corpus/HLE/HLE-papers/MA20200721082727551672.md
37253800,67155ca2675b57d8bbc9144d,/mnt/seed20_bio/bio/datahub/corpus/HLE/HLE-papers/37253800.md
15490743,67372e09a90747ed09962582,/mnt/seed20_bio/bio/datahub/corpus/HLE/HLE-papers/15490743.md
PMC11070254,671f083dc8da11076ce9960e,/mnt/seed20_bio/bio/datahub/corpus/HLE/HLE-papers/PMC11070254.md
MA20190102203326807370,67492f85d2aa56dfc01ee6d7,/mnt/seed20_bio/bio/datahub/corpus/HLE/HLE-papers/MA20190102203326807370.md
22487872,66f9a8a4e613d5c62b6c0d22,/mnt/seed20_bio/bio/datahub/corpus/HLE/HLE-papers/22487872.md
PMC9122537,670e5c2720bb63b6da63b879,/mnt/seed20_bio/bio/datahub/corpus/HLE/HLE-papers/PMC9122537.md
34978151,670f511063b765ce8edde772,/mnt/seed20_bio/bio/datahub/corpus/HLE/HLE-papers/34978151.md
5136708,671f0c2578ab3005e439aeba,/mnt/seed20_bio/bio/datahub/corpus/HLE/HLE-papers/5136708.md
9844984,6702b8bebb1c7fc12ef340a6,/mnt/seed20_bio/bio/datahub/corpus/HLE/HLE-papers/9844984.md
9589975,66f9a8a4e613d5c62b6c0d22,/mnt/seed20_bio/bio/datahub/corpus/HLE/HLE-papers/9589975.md
70606426,671cbba2784e3ba406eefb34,/mnt/seed20_bio/bio/datahub/corpus/HLE/HLE-papers/70606426.md
MA20190102200622589921,670f289fb671096a201efee4,/mnt/seed20_bio/bio/datahub/corpus/HLE/HLE-papers/MA20190102200622589921.md
MA20210526152553244755,671bef23b55b44cbffbf0972,/mnt/seed20_bio/bio/datahub/corpus/HLE/HLE-papers/MA20210526152553244755.md
PMC12152636,6716e28929a01505aba1ddb5,/mnt/seed20_bio/bio/datahub/corpus/HLE/HLE-papers/PMC12152636.md
71652991,672179e4c8cc0ac89395e8d0,/mnt/seed20_bio/bio/datahub/corpus/HLE/HLE-papers/71652991.md
MA20190103091803250861,6701de16d9e4cd1aa812414b,/mnt/seed20_bio/bio/datahub/corpus/HLE/HLE-papers/MA20190103091803250861.md
22391986,66f9a8a4e613d5c62b6c0d22,/mnt/seed20_bio/bio/datahub/corpus/HLE/HLE-papers/22391986.md
177009,66f9a8a4e613d5c62b6c0d22,/mnt/seed20_bio/bio/datahub/corpus/HLE/HLE-papers/177009.md
MA20190103155517468343,66fc2df0b72463921f6c40f2,/mnt/seed20_bio/bio/datahub/corpus/HLE/HLE-papers/MA20190103155517468343.md
13704458,66f9a8a4e613d5c62b6c0d22,/mnt/seed20_bio/bio/datahub/corpus/HLE/HLE-papers/13704458.md
21492755,6722b01f7f84054950978f69,/mnt/seed20_bio/bio/datahub/corpus/HLE/HLE-papers/21492755.md
MA20190103134014642256,672455ce7a14971607e3d9f0,/mnt/seed20_bio/bio/datahub/corpus/HLE/HLE-papers/MA20190103134014642256.md
64701715,6701ca6bb773dec162bde23c,/mnt/seed20_bio/bio/datahub/corpus/HLE/HLE-papers/64701715.md
34003691,6721408e0d97cabdbfa0ace9,/mnt/seed20_bio/bio/datahub/corpus/HLE/HLE-papers/34003691.md
10522479,67352c39a52dd47230de9a2b,/mnt/seed20_bio/bio/datahub/corpus/HLE/HLE-papers/10522479.md
63839624,671f09d6d0f22fd6e50482eb,/mnt/seed20_bio/bio/datahub/corpus/HLE/HLE-papers/63839624.md
PMC10250230,66fc2df0b72463921f6c40f2,/mnt/seed20_bio/bio/datahub/corpus/HLE/HLE-papers/PMC10250230.md
MA20210528110010780857,671ffad8e46fcc9dbd54ce6e,/mnt/seed20_bio/bio/datahub/corpus/HLE/HLE-papers/MA20210528110010780857.md
PMC9825514,6722b01f7f84054950978f69,/mnt/seed20_bio/bio/datahub/corpus/HLE/HLE-papers/PMC9825514.md
MA20190911133914254942,672500151d07f0962c8993d7,/mnt/seed20_bio/bio/datahub/corpus/HLE/HLE-papers/MA20190911133914254942.md
PMC9611389,671bef23b55b44cbffbf0972,/mnt/seed20_bio/bio/datahub/corpus/HLE/HLE-papers/PMC9611389.md
43937063,67018145e8c125b41caa9ee3,/mnt/seed20_bio/bio/datahub/corpus/HLE/HLE-papers/43937063.md
PMC10503073,672572ba1b7caf96dfa80324,/mnt/seed20_bio/bio/datahub/corpus/HLE/HLE-papers/PMC10503073.md
22192139,6722b1f9f3a489ee08117730,/mnt/seed20_bio/bio/datahub/corpus/HLE/HLE-papers/22192139.md
64596766,6721408e0d97cabdbfa0ace9,/mnt/seed20_bio/bio/datahub/corpus/HLE/HLE-papers/64596766.md
10465951,6701ca6bb773dec162bde23c,/mnt/seed20_bio/bio/datahub/corpus/HLE/HLE-papers/10465951.md
29763576,670f511063b765ce8edde772,/mnt/seed20_bio/bio/datahub/corpus/HLE/HLE-papers/29763576.md
29763576,6712787d0d05bc73fc008dfe,/mnt/seed20_bio/bio/datahub/corpus/HLE/HLE-papers/29763576.md
68097965,672416e85247738dfbb432fa,/mnt/seed20_bio/bio/datahub/corpus/HLE/HLE-papers/68097965.md
PMC2377063,66f9a8a4e613d5c62b6c0d22,/mnt/seed20_bio/bio/datahub/corpus/HLE/HLE-papers/PMC2377063.md
1941688,67352c39a52dd47230de9a2b,/mnt/seed20_bio/bio/datahub/corpus/HLE/HLE-papers/1941688.md
47676522,67335820c7d8c66591e6dfc7,/mnt/seed20_bio/bio/datahub/corpus/HLE/HLE-papers/47676522.md
28086392,66fc2df0b72463921f6c40f2,/mnt/seed20_bio/bio/datahub/corpus/HLE/HLE-papers/28086392.md
69986061,670f511063b765ce8edde772,/mnt/seed20_bio/bio/datahub/corpus/HLE/HLE-papers/69986061.md
66776283,672407521f51862e37d75208,/mnt/seed20_bio/bio/datahub/corpus/HLE/HLE-papers/66776283.md
13261807,66f9a8a4e613d5c62b6c0d22,/mnt/seed20_bio/bio/datahub/corpus/HLE/HLE-papers/13261807.md
MA20211208132615285937,6712787d0d05bc73fc008dfe,/mnt/seed20_bio/bio/datahub/corpus/HLE/HLE-papers/MA20211208132615285937.md
28645731,671ffad8e46fcc9dbd54ce6e,/mnt/seed20_bio/bio/datahub/corpus/HLE/HLE-papers/28645731.md
49095498,670d5ce6d57c80b4d4090cb4,/mnt/seed20_bio/bio/datahub/corpus/HLE/HLE-papers/49095498.md
PMC10284707,670c23124d86f843dc5efa7e,/mnt/seed20_bio/bio/datahub/corpus/HLE/HLE-papers/PMC10284707.md
28375528,6702b8bebb1c7fc12ef340a6,/mnt/seed20_bio/bio/datahub/corpus/HLE/HLE-papers/28375528.md
47472665,6725b1b58255543498bdcbd1,/mnt/seed20_bio/bio/datahub/corpus/HLE/HLE-papers/47472665.md
18630472,67241990a1bd6b06dafb7052,/mnt/seed20_bio/bio/datahub/corpus/HLE/HLE-papers/18630472.md
71041947,6701d869aee3881b852d40a0,/mnt/seed20_bio/bio/datahub/corpus/HLE/HLE-papers/71041947.md
11549388,6721408e0d97cabdbfa0ace9,/mnt/seed20_bio/bio/datahub/corpus/HLE/HLE-papers/11549388.md
21071449,670e5c2720bb63b6da63b879,/mnt/seed20_bio/bio/datahub/corpus/HLE/HLE-papers/21071449.md
24064349,6725c3719aac82ce9cf99f23,/mnt/seed20_bio/bio/datahub/corpus/HLE/HLE-papers/24064349.md
PMC4032110,6725b1b58255543498bdcbd1,/mnt/seed20_bio/bio/datahub/corpus/HLE/HLE-papers/PMC4032110.md
10564783,66f57a7e9f9308128679f668,/mnt/seed20_bio/bio/datahub/corpus/HLE/HLE-papers/10564783.md
63374212,67155ca2675b57d8bbc9144d,/mnt/seed20_bio/bio/datahub/corpus/HLE/HLE-papers/63374212.md
PMC10577264,671cbba2784e3ba406eefb34,/mnt/seed20_bio/bio/datahub/corpus/HLE/HLE-papers/PMC10577264.md
40452846,672555acc27a6276611a3005,/mnt/seed20_bio/bio/datahub/corpus/HLE/HLE-papers/40452846.md
47521888,671ab94ffad7ae30b89eff8f,/mnt/seed20_bio/bio/datahub/corpus/HLE/HLE-papers/47521888.md
MA20240408003514540328,66ff1bba3046dadaa8fd8a15,/mnt/seed20_bio/bio/datahub/corpus/HLE/HLE-papers/MA20240408003514540328.md
34065832,670d5ce6d57c80b4d4090cb4,/mnt/seed20_bio/bio/datahub/corpus/HLE/HLE-papers/34065832.md
9756796,671aa91f6a8e7c23ccbf902b,/mnt/seed20_bio/bio/datahub/corpus/HLE/HLE-papers/9756796.md
MA20190103114537328127,67375e6f8b1cc52c211f95ce,/mnt/seed20_bio/bio/datahub/corpus/HLE/HLE-papers/MA20190103114537328127.md
PMC12108978,670f289fb671096a201efee4,/mnt/seed20_bio/bio/datahub/corpus/HLE/HLE-papers/PMC12108978.md
PMC10716350,671ab94ffad7ae30b89eff8f,/mnt/seed20_bio/bio/datahub/corpus/HLE/HLE-papers/PMC10716350.md
MA20190102211229377445,670e5c2720bb63b6da63b879,/mnt/seed20_bio/bio/datahub/corpus/HLE/HLE-papers/MA20190102211229377445.md
PMC10654310,671ab94ffad7ae30b89eff8f,/mnt/seed20_bio/bio/datahub/corpus/HLE/HLE-papers/PMC10654310.md
43705810,670c23124d86f843dc5efa7e,/mnt/seed20_bio/bio/datahub/corpus/HLE/HLE-papers/43705810.md
17225432,67492f85d2aa56dfc01ee6d7,/mnt/seed20_bio/bio/datahub/corpus/HLE/HLE-papers/17225432.md
PMC7352969,66ff063787bfb80443d02df6,/mnt/seed20_bio/bio/datahub/corpus/HLE/HLE-papers/PMC7352969.md
2928836,66f57a7e9f9308128679f668,/mnt/seed20_bio/bio/datahub/corpus/HLE/HLE-papers/2928836.md
MA20220711102903196768,6701d869aee3881b852d40a0,/mnt/seed20_bio/bio/datahub/corpus/HLE/HLE-papers/MA20220711102903196768.md
22419178,672416e85247738dfbb432fa,/mnt/seed20_bio/bio/datahub/corpus/HLE/HLE-papers/22419178.md
72473996,67396490173834c134fbaceb,/mnt/seed20_bio/bio/datahub/corpus/HLE/HLE-papers/72473996.md
MA20190102204704049372,6724109dab2b4ea54da1ad90,/mnt/seed20_bio/bio/datahub/corpus/HLE/HLE-papers/MA20190102204704049372.md
PMC7990408,67018145e8c125b41caa9ee3,/mnt/seed20_bio/bio/datahub/corpus/HLE/HLE-papers/PMC7990408.md
PMC8346122,67258c4124b290d28a9f8abe,/mnt/seed20_bio/bio/datahub/corpus/HLE/HLE-papers/PMC8346122.md
51173075,6731fa3bb08cf72258a21348,/mnt/seed20_bio/bio/datahub/corpus/HLE/HLE-papers/51173075.md
19292523,67155ca2675b57d8bbc9144d,/mnt/seed20_bio/bio/datahub/corpus/HLE/HLE-papers/19292523.md
11463306,6701de16d9e4cd1aa812414b,/mnt/seed20_bio/bio/datahub/corpus/HLE/HLE-papers/11463306.md
2930438,66f57a7e9f9308128679f668,/mnt/seed20_bio/bio/datahub/corpus/HLE/HLE-papers/2930438.md
67619344,670c23124d86f843dc5efa7e,/mnt/seed20_bio/bio/datahub/corpus/HLE/HLE-papers/67619344.md
38494452,67258c4124b290d28a9f8abe,/mnt/seed20_bio/bio/datahub/corpus/HLE/HLE-papers/38494452.md
72978012,67008f17fc2c0a4040f1d352,/mnt/seed20_bio/bio/datahub/corpus/HLE/HLE-papers/72978012.md
MA20190103145619073444,66f986e852b9d5843203d342,/mnt/seed20_bio/bio/datahub/corpus/HLE/HLE-papers/MA20190103145619073444.md
22731844,67375e6f8b1cc52c211f95ce,/mnt/seed20_bio/bio/datahub/corpus/HLE/HLE-papers/22731844.md
PMC11291478,67256e36e5e6cc87293fc3f0,/mnt/seed20_bio/bio/datahub/corpus/HLE/HLE-papers/PMC11291478.md
21516278,66f9a8a4e613d5c62b6c0d22,/mnt/seed20_bio/bio/datahub/corpus/HLE/HLE-papers/21516278.md
MA20190103131609978968,671ab94ffad7ae30b89eff8f,/mnt/seed20_bio/bio/datahub/corpus/HLE/HLE-papers/MA20190103131609978968.md
71208638,6701ca6bb773dec162bde23c,/mnt/seed20_bio/bio/datahub/corpus/HLE/HLE-papers/71208638.md
PMC11720991,671aa91f6a8e7c23ccbf902b,/mnt/seed20_bio/bio/datahub/corpus/HLE/HLE-papers/PMC11720991.md
MA20190103141020213654,672572ba1b7caf96dfa80324,/mnt/seed20_bio/bio/datahub/corpus/HLE/HLE-papers/MA20190103141020213654.md
10571949,67379dd995d9299b8ac8439c,/mnt/seed20_bio/bio/datahub/corpus/HLE/HLE-papers/10571949.md
10590362,66fc2df0b72463921f6c40f2,/mnt/seed20_bio/bio/datahub/corpus/HLE/HLE-papers/10590362.md
MA20211021155230514842,671cbba2784e3ba406eefb34,/mnt/seed20_bio/bio/datahub/corpus/HLE/HLE-papers/MA20211021155230514842.md
MA20190103111026455693,67375e6f8b1cc52c211f95ce,/mnt/seed20_bio/bio/datahub/corpus/HLE/HLE-papers/MA20190103111026455693.md
23181238,672455ce7a14971607e3d9f0,/mnt/seed20_bio/bio/datahub/corpus/HLE/HLE-papers/23181238.md
20998924,66f9a8a4e613d5c62b6c0d22,/mnt/seed20_bio/bio/datahub/corpus/HLE/HLE-papers/20998924.md
MA20190505214045227569,6724109dab2b4ea54da1ad90,/mnt/seed20_bio/bio/datahub/corpus/HLE/HLE-papers/MA20190505214045227569.md
PMC9845263,671dd6cd91a438f6811f5108,/mnt/seed20_bio/bio/datahub/corpus/HLE/HLE-papers/PMC9845263.md
11542478,67335820c7d8c66591e6dfc7,/mnt/seed20_bio/bio/datahub/corpus/HLE/HLE-papers/11542478.md
MA20190102214336389446,6737697dedff89681fe75582,/mnt/seed20_bio/bio/datahub/corpus/HLE/HLE-papers/MA20190102214336389446.md
53632877,67315c7e7fcf9ea998467bd6,/mnt/seed20_bio/bio/datahub/corpus/HLE/HLE-papers/53632877.md
21022285,670f511063b765ce8edde772,/mnt/seed20_bio/bio/datahub/corpus/HLE/HLE-papers/21022285.md
PMC9436344,6720fcd2198910fd26b01218,/mnt/seed20_bio/bio/datahub/corpus/HLE/HLE-papers/PMC9436344.md
2268430,67393de74954110962f03245,/mnt/seed20_bio/bio/datahub/corpus/HLE/HLE-papers/2268430.md
63394331,67315c7e7fcf9ea998467bd6,/mnt/seed20_bio/bio/datahub/corpus/HLE/HLE-papers/63394331.md
MA20190505230857626947,671bef23b55b44cbffbf0972,/mnt/seed20_bio/bio/datahub/corpus/HLE/HLE-papers/MA20190505230857626947.md
MA20230207101901573378,670c23124d86f843dc5efa7e,/mnt/seed20_bio/bio/datahub/corpus/HLE/HLE-papers/MA20230207101901573378.md
PMC11046695,6716e28929a01505aba1ddb5,/mnt/seed20_bio/bio/datahub/corpus/HLE/HLE-papers/PMC11046695.md
25590205,670e5c2720bb63b6da63b879,/mnt/seed20_bio/bio/datahub/corpus/HLE/HLE-papers/25590205.md
10522546,66f052e814be84cc1edd3fbd,/mnt/seed20_bio/bio/datahub/corpus/HLE/HLE-papers/10522546.md
17140005,66f986e852b9d5843203d342,/mnt/seed20_bio/bio/datahub/corpus/HLE/HLE-papers/17140005.md
45850905,6704486baf0a436d92c65161,/mnt/seed20_bio/bio/datahub/corpus/HLE/HLE-papers/45850905.md
63355699,67256db1afb4a043e613c929,/mnt/seed20_bio/bio/datahub/corpus/HLE/HLE-papers/63355699.md
39448229,67372744600c9c0daa5d8f3f,/mnt/seed20_bio/bio/datahub/corpus/HLE/HLE-papers/39448229.md
MA20190103130014313906,6701de16d9e4cd1aa812414b,/mnt/seed20_bio/bio/datahub/corpus/HLE/HLE-papers/MA20190103130014313906.md
10584922,6721408e0d97cabdbfa0ace9,/mnt/seed20_bio/bio/datahub/corpus/HLE/HLE-papers/10584922.md
20741362,66fc2df0b72463921f6c40f2,/mnt/seed20_bio/bio/datahub/corpus/HLE/HLE-papers/20741362.md
2952273,6701ca6bb773dec162bde23c,/mnt/seed20_bio/bio/datahub/corpus/HLE/HLE-papers/2952273.md
13592706,66f9a8a4e613d5c62b6c0d22,/mnt/seed20_bio/bio/datahub/corpus/HLE/HLE-papers/13592706.md
41222107,6702b8bebb1c7fc12ef340a6,/mnt/seed20_bio/bio/datahub/corpus/HLE/HLE-papers/41222107.md
59303584,6725b1b58255543498bdcbd1,/mnt/seed20_bio/bio/datahub/corpus/HLE/HLE-papers/59303584.md
MA20210616191518284452,671f3210e38f776acdad8aab,/mnt/seed20_bio/bio/datahub/corpus/HLE/HLE-papers/MA20210616191518284452.md
MA20190103145406062182,671ffad8e46fcc9dbd54ce6e,/mnt/seed20_bio/bio/datahub/corpus/HLE/HLE-papers/MA20190103145406062182.md
24488015,671f0c2578ab3005e439aeba,/mnt/seed20_bio/bio/datahub/corpus/HLE/HLE-papers/24488015.md
21487164,670d5ce6d57c80b4d4090cb4,/mnt/seed20_bio/bio/datahub/corpus/HLE/HLE-papers/21487164.md
23231600,67155ca2675b57d8bbc9144d,/mnt/seed20_bio/bio/datahub/corpus/HLE/HLE-papers/23231600.md
MA20190102190437672410,6701de16d9e4cd1aa812414b,/mnt/seed20_bio/bio/datahub/corpus/HLE/HLE-papers/MA20190102190437672410.md
MA20230427110441047152,6712787d0d05bc73fc008dfe,/mnt/seed20_bio/bio/datahub/corpus/HLE/HLE-papers/MA20230427110441047152.md
65040847,67253c33ad98e94b47ea3477,/mnt/seed20_bio/bio/datahub/corpus/HLE/HLE-papers/65040847.md
MA20190103092429237351,67256db1afb4a043e613c929,/mnt/seed20_bio/bio/datahub/corpus/HLE/HLE-papers/MA20190103092429237351.md
10420482,66ff063787bfb80443d02df6,/mnt/seed20_bio/bio/datahub/corpus/HLE/HLE-papers/10420482.md
1190035,6739f5ede8b91dc9dac17cd9,/mnt/seed20_bio/bio/datahub/corpus/HLE/HLE-papers/1190035.md
1643708,66f9a8a4e613d5c62b6c0d22,/mnt/seed20_bio/bio/datahub/corpus/HLE/HLE-papers/1643708.md
9305655,66f9a8a4e613d5c62b6c0d22,/mnt/seed20_bio/bio/datahub/corpus/HLE/HLE-papers/9305655.md
26160532,670f511063b765ce8edde772,/mnt/seed20_bio/bio/datahub/corpus/HLE/HLE-papers/26160532.md
38188006,67258c4124b290d28a9f8abe,/mnt/seed20_bio/bio/datahub/corpus/HLE/HLE-papers/38188006.md
MA20240402195435600186,671f083dc8da11076ce9960e,/mnt/seed20_bio/bio/datahub/corpus/HLE/HLE-papers/MA20240402195435600186.md
10641759,671dd6cd91a438f6811f5108,/mnt/seed20_bio/bio/datahub/corpus/HLE/HLE-papers/10641759.md
13259986,66f9a8a4e613d5c62b6c0d22,/mnt/seed20_bio/bio/datahub/corpus/HLE/HLE-papers/13259986.md
20124673,6722b01f7f84054950978f69,/mnt/seed20_bio/bio/datahub/corpus/HLE/HLE-papers/20124673.md
21627293,670d5ce6d57c80b4d4090cb4,/mnt/seed20_bio/bio/datahub/corpus/HLE/HLE-papers/21627293.md
76341645,6716e28929a01505aba1ddb5,/mnt/seed20_bio/bio/datahub/corpus/HLE/HLE-papers/76341645.md
6909798,67241990a1bd6b06dafb7052,/mnt/seed20_bio/bio/datahub/corpus/HLE/HLE-papers/6909798.md
29529860,6736a9b0b949d548db8da965,/mnt/seed20_bio/bio/datahub/corpus/HLE/HLE-papers/29529860.md
PMC6147841,671dd6cd91a438f6811f5108,/mnt/seed20_bio/bio/datahub/corpus/HLE/HLE-papers/PMC6147841.md
29677467,67379dd995d9299b8ac8439c,/mnt/seed20_bio/bio/datahub/corpus/HLE/HLE-papers/29677467.md
3417945,67352c39a52dd47230de9a2b,/mnt/seed20_bio/bio/datahub/corpus/HLE/HLE-papers/3417945.md
20753646,671a947c9deaf77048dcc8b7,/mnt/seed20_bio/bio/datahub/corpus/HLE/HLE-papers/20753646.md
58526402,66fc89ce455038a48ed359e4,/mnt/seed20_bio/bio/datahub/corpus/HLE/HLE-papers/58526402.md
MA20191009082352209507,671f0c2578ab3005e439aeba,/mnt/seed20_bio/bio/datahub/corpus/HLE/HLE-papers/MA20191009082352209507.md
81031125,67352c39a52dd47230de9a2b,/mnt/seed20_bio/bio/datahub/corpus/HLE/HLE-papers/81031125.md
11529300,670f511063b765ce8edde772,/mnt/seed20_bio/bio/datahub/corpus/HLE/HLE-papers/11529300.md
10241564,67393de74954110962f03245,/mnt/seed20_bio/bio/datahub/corpus/HLE/HLE-papers/10241564.md
59618349,672179e4c8cc0ac89395e8d0,/mnt/seed20_bio/bio/datahub/corpus/HLE/HLE-papers/59618349.md
PMC8380214,66fecc707183fdf40d11cb48,/mnt/seed20_bio/bio/datahub/corpus/HLE/HLE-papers/PMC8380214.md
22636200,66f57a7e9f9308128679f668,/mnt/seed20_bio/bio/datahub/corpus/HLE/HLE-papers/22636200.md
15408666,670e5c2720bb63b6da63b879,/mnt/seed20_bio/bio/datahub/corpus/HLE/HLE-papers/15408666.md
7387247,66f9a8a4e613d5c62b6c0d22,/mnt/seed20_bio/bio/datahub/corpus/HLE/HLE-papers/7387247.md
63227373,6701638aed23f06e44f0e6b8,/mnt/seed20_bio/bio/datahub/corpus/HLE/HLE-papers/63227373.md
997891,6712787d0d05bc73fc008dfe,/mnt/seed20_bio/bio/datahub/corpus/HLE/HLE-papers/997891.md
19488717,66f9a8a4e613d5c62b6c0d22,/mnt/seed20_bio/bio/datahub/corpus/HLE/HLE-papers/19488717.md
11260246,670013827794cc36bc974f27,/mnt/seed20_bio/bio/datahub/corpus/HLE/HLE-papers/11260246.md
10445558,66f9a8a4e613d5c62b6c0d22,/mnt/seed20_bio/bio/datahub/corpus/HLE/HLE-papers/10445558.md
MA20190103092810925161,6701638aed23f06e44f0e6b8,/mnt/seed20_bio/bio/datahub/corpus/HLE/HLE-papers/MA20190103092810925161.md
30061078,670f289fb671096a201efee4,/mnt/seed20_bio/bio/datahub/corpus/HLE/HLE-papers/30061078.md
59677708,6738df8c201a2bd66499797a,/mnt/seed20_bio/bio/datahub/corpus/HLE/HLE-papers/59677708.md
25856674,6702b8bebb1c7fc12ef340a6,/mnt/seed20_bio/bio/datahub/corpus/HLE/HLE-papers/25856674.md
74636202,671cbba2784e3ba406eefb34,/mnt/seed20_bio/bio/datahub/corpus/HLE/HLE-papers/74636202.md
59767072,6737697dedff89681fe75582,/mnt/seed20_bio/bio/datahub/corpus/HLE/HLE-papers/59767072.md
40436299,6738373cf2df805520bc86ce,/mnt/seed20_bio/bio/datahub/corpus/HLE/HLE-papers/40436299.md
PMC8728224,6722b01f7f84054950978f69,/mnt/seed20_bio/bio/datahub/corpus/HLE/HLE-papers/PMC8728224.md
15590267,67375e6f8b1cc52c211f95ce,/mnt/seed20_bio/bio/datahub/corpus/HLE/HLE-papers/15590267.md
77091177,672572ba1b7caf96dfa80324,/mnt/seed20_bio/bio/datahub/corpus/HLE/HLE-papers/77091177.md
25589969,6701de16d9e4cd1aa812414b,/mnt/seed20_bio/bio/datahub/corpus/HLE/HLE-papers/25589969.md
23380587,67223ac0ca7acfa01f38c284,/mnt/seed20_bio/bio/datahub/corpus/HLE/HLE-papers/23380587.md
PMC9144560,6712787d0d05bc73fc008dfe,/mnt/seed20_bio/bio/datahub/corpus/HLE/HLE-papers/PMC9144560.md
3547950,671aa91f6a8e7c23ccbf902b,/mnt/seed20_bio/bio/datahub/corpus/HLE/HLE-papers/3547950.md
76305854,67255df04c0e045943574e41,/mnt/seed20_bio/bio/datahub/corpus/HLE/HLE-papers/76305854.md
72984580,671f3210e38f776acdad8aab,/mnt/seed20_bio/bio/datahub/corpus/HLE/HLE-papers/72984580.md
PMC10863374,66ff063787bfb80443d02df6,/mnt/seed20_bio/bio/datahub/corpus/HLE/HLE-papers/PMC10863374.md
64359191,670f289fb671096a201efee4,/mnt/seed20_bio/bio/datahub/corpus/HLE/HLE-papers/64359191.md
16917708,67258c4124b290d28a9f8abe,/mnt/seed20_bio/bio/datahub/corpus/HLE/HLE-papers/16917708.md
55336273,67335820c7d8c66591e6dfc7,/mnt/seed20_bio/bio/datahub/corpus/HLE/HLE-papers/55336273.md
46447969,672572ba1b7caf96dfa80324,/mnt/seed20_bio/bio/datahub/corpus/HLE/HLE-papers/46447969.md
PMC9376219,66ff1bba3046dadaa8fd8a15,/mnt/seed20_bio/bio/datahub/corpus/HLE/HLE-papers/PMC9376219.md
11500591,67255df04c0e045943574e41,/mnt/seed20_bio/bio/datahub/corpus/HLE/HLE-papers/11500591.md
16688598,672555acc27a6276611a3005,/mnt/seed20_bio/bio/datahub/corpus/HLE/HLE-papers/16688598.md
16824151,67258c4124b290d28a9f8abe,/mnt/seed20_bio/bio/datahub/corpus/HLE/HLE-papers/16824151.md
3684083,66f57a7e9f9308128679f668,/mnt/seed20_bio/bio/datahub/corpus/HLE/HLE-papers/3684083.md
55292038,6722b1f9f3a489ee08117730,/mnt/seed20_bio/bio/datahub/corpus/HLE/HLE-papers/55292038.md
2597002,66ff063787bfb80443d02df6,/mnt/seed20_bio/bio/datahub/corpus/HLE/HLE-papers/2597002.md
8564128,670013827794cc36bc974f27,/mnt/seed20_bio/bio/datahub/corpus/HLE/HLE-papers/8564128.md
28671475,67393de74954110962f03245,/mnt/seed20_bio/bio/datahub/corpus/HLE/HLE-papers/28671475.md
10526006,67335820c7d8c66591e6dfc7,/mnt/seed20_bio/bio/datahub/corpus/HLE/HLE-papers/10526006.md
13253549,66f9a8a4e613d5c62b6c0d22,/mnt/seed20_bio/bio/datahub/corpus/HLE/HLE-papers/13253549.md
31674028,672179e4c8cc0ac89395e8d0,/mnt/seed20_bio/bio/datahub/corpus/HLE/HLE-papers/31674028.md
PMC10066026,671ffad8e46fcc9dbd54ce6e,/mnt/seed20_bio/bio/datahub/corpus/HLE/HLE-papers/PMC10066026.md
6713601,672416e85247738dfbb432fa,/mnt/seed20_bio/bio/datahub/corpus/HLE/HLE-papers/6713601.md
